cluster1,cluster2,rmsd,cluster_id
0,1,4.609165141449654,6
0,2,4.519750093336251,0
0,3,3.991933512346743,1
0,4,4.043595382628767,4
0,5,3.754536785609628,7
0,6,5.266047352155623,3
0,7,4.733478084474683,2
0,8,4.325818885854778,9
0,9,3.8906161162166852,1
0,10,4.124414475820837,4
0,11,4.727182004911649,2
0,12,4.551140686519255,6
0,13,4.0415519327247456,4
0,14,3.902957432012166,1
0,15,4.588236318925444,6
0,16,3.872537404580424,1
0,17,3.9244063070530206,1
0,18,3.7149971519309055,7
0,19,3.4740997242969494,7
0,20,5.00895013035204,8
0,21,4.086195210132166,4
0,22,3.5586590838397507,7
0,23,4.459305593859324,0
0,24,4.169266060533465,4
0,25,4.191790946355402,9
0,26,4.8997454996015,8
0,27,3.8788252040801035,1
0,28,4.09083647319624,4
0,29,4.495981626794149,0
0,30,4.7546163720425145,2
0,31,3.5235260323778124,7
0,32,4.540588162630285,6
0,33,4.4747666283813725,0
0,34,4.279395588917986,9
0,35,4.688963389019774,6
0,36,4.053490798748033,4
0,37,3.685115091178005,7
0,38,3.87594730269828,1
0,39,4.773438912174557,2
0,40,4.50183583525094,0
0,41,4.660225998587715,6
0,42,3.6464523248567695,7
0,43,4.557028268075841,6
0,44,4.1544845182990215,4
0,45,3.9665669201577907,1
0,46,4.185639288517244,9
0,47,4.511279854930106,0
1,0,4.6091651414496555,6
1,2,3.36256417198739,5
1,3,4.49988276863562,0
1,4,4.173334836358479,4
1,5,4.716887827853925,2
1,6,4.101094443845523,4
1,7,4.5321746015497215,6
1,8,4.981899591774184,8
1,9,4.941684247778351,8
1,10,5.497509868397746,3
1,11,4.130947128502648,4
1,12,4.350872986138146,9
1,13,5.0887199309401865,8
1,14,5.3128954691233945,3
1,15,4.699641582432104,2
1,16,5.061062307508855,8
1,17,4.064053232930472,4
1,18,4.959116913245432,8
1,19,5.044919618696613,8
1,20,4.907283362983415,8
1,21,4.436272159087656,0
1,22,4.182442108159173,9
1,23,5.065759266512262,8
1,24,5.158870890266488,3
1,25,4.667066838936888,6
1,26,4.7198915855045875,2
1,27,5.272050670045753,3
1,28,5.076157389471528,8
1,29,4.084040425754544,4
1,30,4.471757773832897,0
1,31,4.748135098385212,2
1,32,5.000447822495123,8
1,33,4.970632202422218,8
1,34,4.912381622003112,8
1,35,4.466543769162587,0
1,36,5.307556516348762,3
1,37,4.256989381202013,9
1,38,4.804775966692549,2
1,39,5.05254510553777,8
1,40,4.901618863844921,8
1,41,4.404763277709106,0
1,42,5.020888516103757,8
1,43,5.179846864624476,3
1,44,5.147834322840385,3
1,45,4.551496191074756,6
1,46,4.231561565092172,9
1,47,4.079275744902547,4
2,0,4.519750093336251,0
2,1,3.3625641719873904,5
2,3,4.440038517991353,0
2,4,4.257279176909883,9
2,5,4.245566379192376,9
2,6,4.5052623343018645,0
2,7,4.196512627048659,9
2,8,4.94007813620826,8
2,9,4.152811724858303,4
2,10,4.878868388396434,2
2,11,3.9412570153512654,1
2,12,4.230222200772337,9
2,13,5.033609987729947,8
2,14,4.742972548465082,2
2,15,4.692670366510712,6
2,16,4.832640787102898,2
2,17,4.107822407760862,4
2,18,4.6918134858586935,6
2,19,4.337398439075734,9
2,20,5.0611965101328,8
2,21,4.230245826793453,9
2,22,3.8353463983048512,1
2,23,5.057954745300401,8
2,24,4.660012209515869,6
2,25,4.64890145357175,6
2,26,4.484494283053166,0
2,27,4.7710942402113385,2
2,28,4.850056641250101,2
2,29,3.806220203891004,1
2,30,4.334980408738068,9
2,31,4.83884095854981,2
2,32,4.554817291965878,6
2,33,4.682737944373415,6
2,34,4.982423110800696,8
2,35,4.483550230896909,0
2,36,4.9371469289956265,8
2,37,4.3833445409323595,0
2,38,4.645596417274994,6
2,39,5.277816554809632,3
2,40,5.028910840665722,8
2,41,4.154051298747707,4
2,42,4.970747255178151,8
2,43,4.972851884641334,8
2,44,4.794035410013705,2
2,45,4.204152113254766,9
2,46,4.624049719102311,6
2,47,4.267333740346493,9
3,0,3.991933512346744,1
3,1,4.4998827686356195,0
3,2,4.440038517991353,0
3,4,4.439400308453681,0
3,5,4.97796272080492,8
3,6,4.441559394815796,0
3,7,4.12535051206164,4
3,8,4.6756771300791735,6
3,9,4.50916622105563,0
3,10,4.929304207700759,8
3,11,3.954853923046121,1
3,12,4.980374961944309,8
3,13,5.212585655437247,3
3,14,4.064889802040727,4
3,15,4.511206986979662,0
3,16,4.8171640099690425,2
3,17,3.391825602833148,7
3,18,4.6609937442867935,6
3,19,3.928949875099063,1
3,20,4.197809899368686,9
3,21,4.6489046320223535,6
3,22,4.347000513103658,9
3,23,4.942871195757221,8
3,24,4.397074745239952,0
3,25,4.082822959530473,4
3,26,4.750253375565273,2
3,27,4.255015930024841,9
3,28,4.433973007828432,0
3,29,4.401795400870764,0
3,30,4.641140465838466,6
3,31,4.501060274014635,0
3,32,4.616193474707448,6
3,33,4.643499944633627,6
3,34,4.817490832594153,2
3,35,3.759620066873078,7
3,36,4.5843609615729415,6
3,37,3.8490347714814415,1
3,38,4.912843226182203,8
3,39,4.693110909121816,6
3,40,3.687737367592239,7
3,41,3.7147307562746947,7
3,42,4.810116979871809,2
3,43,4.849876726011224,2
3,44,5.175737637508303,3
3,45,4.562429483942554,6
3,46,5.094091860715129,8
3,47,4.845940769717385,2
4,0,4.043595382628767,4
4,1,4.17333483635848,4
4,2,4.257279176909884,9
4,3,4.439400308453684,0
4,5,4.6189809476357055,6
4,6,5.414050071784422,3
4,7,4.837429377014543,2
4,8,5.2075417726517195,3
4,9,4.902850185872116,8
4,10,4.6493282786638765,6
4,11,4.4730337312876935,0
4,12,4.619565241676222,6
4,13,4.793644436372416,2
4,14,5.112392160916042,8
4,15,4.4169564568287445,0
4,16,5.284475873804217,3
4,17,4.415234661985261,0
4,18,4.304092819246641,9
4,19,4.5520238366518475,6
4,20,4.944679443190598,8
4,21,4.9206231167308525,8
4,22,4.566975852993457,6
4,23,4.4063247611310015,0
4,24,4.817898692423711,2
4,25,4.9922631511743285,8
4,26,5.426582614207729,3
4,27,4.994193546219228,8
4,28,4.732356342891841,2
4,29,4.80132257617619,2
4,30,4.5389868422740935,6
4,31,4.564853103094611,6
4,32,5.038306858292559,8
4,33,4.951289342829631,8
4,34,4.682217273384179,6
4,35,4.931774425664902,8
4,36,5.393248801169343,3
4,37,4.695797240972944,2
4,38,4.306935398220467,9
4,39,5.3516078234885205,3
4,40,5.141881984565236,3
4,41,4.023744376035754,4
4,42,4.2543764531170964,9
4,43,5.0729850894173465,8
4,44,5.256966521413228,3
4,45,4.650665621742012,6
4,46,5.188596589975546,3
4,47,4.619880134412074,6
5,0,3.754536785609628,7
5,1,4.716887827853924,2
5,2,4.245566379192376,9
5,3,4.97796272080492,8
5,4,4.618980947635705,6
5,6,5.188692411749347,3
5,7,4.789232233552344,2
5,8,4.384968343484877,0
5,9,3.9071473347196495,1
5,10,4.635430147643451,6
5,11,4.04098985147339,4
5,12,4.330560610494868,9
5,13,4.374443671488551,0
5,14,4.434848841105762,0
5,15,5.037854836794027,8
5,16,4.818240276863752,2
5,17,4.185631154058015,9
5,18,3.54847610719764,7
5,19,3.507570610914293,7
5,20,4.778393925679592,2
5,21,4.044886902809809,4
5,22,3.576082317666864,7
5,23,4.612660825340137,6
5,24,4.235691739948567,9
5,25,4.4367992002421275,0
5,26,4.955366777924604,8
5,27,4.667024700329907,6
5,28,4.451821214227103,0
5,29,4.269775794984399,9
5,30,4.74462500538279,2
5,31,4.28394548430894,9
5,32,4.718832547442653,2
5,33,4.5962547109145,6
5,34,4.477533385140644,0
5,35,4.839704173504519,2
5,36,4.832675891519355,2
5,37,4.354141407649634,9
5,38,4.437763146173879,0
5,39,4.65748403937886,6
5,40,4.991866515125887,8
5,41,4.390585987683476,0
5,42,3.7455842459413793,7
5,43,4.075567389312291,4
5,44,3.9723133384100993,1
5,45,3.9400868498566113,1
5,46,4.4519718235511005,0
5,47,3.968276981337032,1
6,0,5.266047352155626,3
6,1,4.101094443845523,4
6,2,4.5052623343018645,0
6,3,4.441559394815795,0
6,4,5.414050071784423,3
6,5,5.188692411749347,3
6,7,4.861406285620215,2
6,8,5.04383035763187,8
6,9,5.0181459455314466,8
6,10,4.9167446648018585,8
6,11,4.057697161344279,4
6,12,4.881724028340893,2
6,13,4.751867242052719,2
6,14,4.846132111954733,2
6,15,4.9279419595698615,8
6,16,4.632553275319638,6
6,17,4.450522771142956,0
6,18,5.349917516976976,3
6,19,4.8439130113280395,2
6,20,4.748377960920597,2
6,21,4.548119666385731,6
6,22,4.546746137529666,6
6,23,4.950723923251028,8
6,24,5.296693061115983,3
6,25,4.34002324263429,9
6,26,4.938479522720357,8
6,27,4.9936130792017845,8
6,28,4.5442252365024025,6
6,29,4.296685064903453,9
6,30,4.620886755809643,6
6,31,4.82558145066964,2
6,32,4.1389088898645285,4
6,33,4.5299310303162565,6
6,34,4.762540020440143,2
6,35,4.140064140105789,4
6,36,4.880835573248793,2
6,37,4.386816991621998,0
6,38,4.965210439020467,8
6,39,4.565134962748171,6
6,40,4.382633460100534,0
6,41,4.7939706752877065,2
6,42,5.056320651923758,8
6,43,4.228576747618812,9
6,44,4.7970919989061285,2
6,45,3.7869198737755716,1
6,46,4.631983512993929,6
6,47,4.504157821275136,0
7,0,4.733478084474681,2
7,1,4.5321746015497215,6
7,2,4.196512627048656,9
7,3,4.12535051206164,4
7,4,4.837429377014541,2
7,5,4.7892322335523465,2
7,6,4.861406285620215,2
7,8,4.2776172015801235,9
7,9,4.74589375724829,2
7,10,4.014036534372279,4
7,11,4.420621110261036,0
7,12,4.494147829418481,0
7,13,5.2265073084163625,3
7,14,4.369493106560288,0
7,15,3.1856778867735613,5
7,16,3.8393891042759067,1
7,17,4.515960823762142,0
7,18,4.543593380327384,6
7,19,4.499641625379375,0
7,20,4.189478791740578,9
7,21,4.477272153692722,0
7,22,4.532262168081122,6
7,23,4.340452096007098,9
7,24,4.7336717765691345,2
7,25,4.2557994031914435,9
7,26,4.133560062135674,4
7,27,3.884391639435873,1
7,28,4.429714070550249,0
7,29,4.3349145354498635,9
7,30,3.9223753946038724,1
7,31,4.741756409521499,2
7,32,4.314832133812867,9
7,33,4.4665590098087815,0
7,34,4.4121071732574055,0
7,35,4.032130507717784,4
7,36,3.682615206619333,7
7,37,3.9430137719188814,1
7,38,4.276577359500067,9
7,39,4.333923699209802,9
7,40,4.1288215806943,4
7,41,4.051996360879727,4
7,42,4.678191611396362,6
7,43,3.7629217123173726,7
7,44,5.231302965839447,3
7,45,4.819303138322564,2
7,46,4.3615061158467805,0
7,47,4.105612974291756,4
8,0,4.32581888585478,9
8,1,4.981899591774184,8
8,2,4.94007813620826,8
8,3,4.675677130079173,6
8,4,5.207541772651722,3
8,5,4.384968343484879,0
8,6,5.043830357631868,8
8,7,4.277617201580124,9
8,9,4.715405507133134,2
8,10,4.378086591857093,0
8,11,4.6102467520845485,6
8,12,4.916372586277543,8
8,13,4.988910309507793,8
8,14,4.3806070668315735,0
8,15,4.2423290267897675,9
8,16,4.307237012160689,9
8,17,4.727374823272237,2
8,18,3.8811626474908896,1
8,19,4.838264827980381,2
8,20,4.423388912605457,0
8,21,4.215817081260009,9
8,22,4.200659808233366,9
8,23,4.722741672840917,2
8,24,4.342821916275836,9
8,25,4.538118844374538,6
8,26,4.9792466086331215,8
8,27,4.635250441667688,6
8,28,4.267822207869406,9
8,29,4.979046607469764,8
8,30,5.060961810829007,8
8,31,4.629049685657791,6
8,32,4.016387752455293,4
8,33,4.090951825384168,4
8,34,4.178914029526566,4
8,35,4.2758345082798215,9
8,36,3.8470553034086983,1
8,37,4.24039198763426,9
8,38,3.5584728913505534,7
8,39,4.463564710609325,0
8,40,3.8292274051671464,1
8,41,4.8333787150040495,2
8,42,4.108090919542853,4
8,43,3.741929807723567,7
8,44,5.381753143358947,3
8,45,5.0262574900587405,8
8,46,4.51257965169461,0
8,47,4.40959614110062,0
9,0,3.890616116216685,1
9,1,4.941684247778354,8
9,2,4.152811724858304,4
9,3,4.50916622105563,0
9,4,4.902850185872113,8
9,5,3.9071473347196495,1
9,6,5.018145945531447,8
9,7,4.7458937572482895,2
9,8,4.715405507133134,2
9,10,4.670295975462717,6
9,11,3.653805122632132,7
9,12,4.4338009098758135,0
9,13,4.061045928817443,4
9,14,4.114879285091057,4
9,15,5.0810766423634,8
9,16,5.0469838843868935,8
9,17,4.384598098349378,0
9,18,4.387295009051393,0
9,19,3.5198114718408275,7
9,20,4.741624813373701,2
9,21,4.417047093739976,0
9,22,4.0638883006085385,4
9,23,4.8683975073096954,2
9,24,4.063615649500104,4
9,25,4.708537657640223,2
9,26,4.265377938111474,9
9,27,4.3673668460481085,0
9,28,3.916778219432244,1
9,29,3.725740802722581,7
9,30,4.170136802031498,4
9,31,4.124622248737907,4
9,32,5.0095341325938705,8
9,33,4.8774954322491615,2
9,34,4.78748571892521,2
9,35,5.007485985835451,8
9,36,4.4488311099564095,0
9,37,4.315088397455422,9
9,38,4.3933560124930064,0
9,39,5.388953179736295,3
9,40,4.899518490560254,8
9,41,4.544193793309543,6
9,42,4.036251695819639,4
9,43,4.077845531166181,4
9,44,4.332238125461287,9
9,45,3.967713591424119,1
9,46,4.403589445037358,0
9,47,5.096040420744881,8
10,0,4.124414475820837,4
10,1,5.497509868397746,3
10,2,4.878868388396434,2
10,3,4.929304207700758,8
10,4,4.649328278663877,6
10,5,4.63543014764345,6
10,6,4.9167446648018585,8
10,7,4.014036534372279,4
10,8,4.378086591857093,0
10,9,4.670295975462718,6
10,11,5.144171474680966,3
10,12,4.503355327970022,0
10,13,5.009829702551702,8
10,14,3.4339727550711703,7
10,15,3.857078365815206,1
10,16,3.9576243900727004,1
10,17,5.291600787443535,3
10,18,4.015952762600821,4
10,19,4.48528532949888,0
10,20,4.746490398959772,2
10,21,3.980530182233263,1
10,22,4.429588244462472,0
10,23,3.7205477152145376,7
10,24,4.653742060248012,6
10,25,4.656322818049142,6
10,26,4.486794962989412,0
10,27,4.738834236161092,2
10,28,4.068375415347524,4
10,29,4.8607504143214335,2
10,30,4.310512445699166,9
10,31,4.646368533744268,6
10,32,4.04640814381132,4
10,33,4.67220613954428,6
10,34,3.6937589988956914,7
10,35,4.595536519020199,6
10,36,4.063978958765063,4
10,37,4.709999436765901,2
10,38,3.706790887551722,7
10,39,4.507741172004456,0
10,40,4.668208249140805,6
10,41,4.746162185363835,2
10,42,3.948398122318335,1
10,43,4.489597505186773,0
10,44,4.810337533479734,2
10,45,3.869093959603534,1
10,46,4.742642458489934,2
10,47,4.263755025722531,9
11,0,4.727182004911649,2
11,1,4.130947128502648,4
11,2,3.9412570153512654,1
11,3,3.954853923046121,1
11,4,4.4730337312876935,0
11,5,4.040989851473388,4
11,6,4.0576971613442785,4
11,7,4.420621110261036,0
11,8,4.6102467520845485,6
11,9,3.6538051226321318,7
11,10,5.144171474680964,3
11,12,4.3335753000582065,9
11,13,4.847486558316755,2
11,14,5.011923171140926,8
11,15,4.617552146945205,6
11,16,5.128570560378424,8
11,17,3.5223059177250877,7
11,18,4.644806505044887,6
11,19,4.348060739292835,9
11,20,4.880098389334905,2
11,21,4.359470895838622,0
11,22,4.704543053337722,2
11,23,4.563115466672106,6
11,24,4.512288282841111,0
11,25,4.531268193708919,6
11,26,4.17526407895011,4
11,27,4.945859999531867,8
11,28,4.7738419101349745,2
11,29,3.9165080231120655,1
11,30,3.7789224566836204,1
11,31,4.761708518849263,2
11,32,4.3480118199956665,9
11,33,4.527011912341367,6
11,34,5.198408924124559,3
11,35,3.753483646915288,7
11,36,4.9324710262858185,8
11,37,4.5459550247734155,6
11,38,4.804647277351059,2
11,39,5.053024123150212,8
11,40,4.2690177950963095,9
11,41,4.240388552328298,9
11,42,4.825684590746177,2
11,43,4.547405807781213,6
11,44,4.617158463525331,6
11,45,4.267892042558405,9
11,46,4.222953814872338,9
11,47,4.515211491238442,0
12,0,4.551140686519255,6
12,1,4.350872986138147,9
12,2,4.230222200772338,9
12,3,4.980374961944309,8
12,4,4.619565241676222,6
12,5,4.330560610494869,9
12,6,4.881724028340893,2
12,7,4.4941478294184805,0
12,8,4.916372586277543,8
12,9,4.4338009098758135,0
12,10,4.503355327970024,0
12,11,4.3335753000582065,9
12,13,3.9584350048230665,1
12,14,4.734959213130252,2
12,15,4.316329801749578,9
12,16,4.556751857352793,6
12,17,4.35062654873422,9
12,18,4.492888670052081,0
12,19,3.825169520001916,1
12,20,4.059805111857006,4
12,21,3.9458247452607145,1
12,22,4.4439281007247535,0
12,23,4.268993368526127,9
12,24,3.894076567958652,1
12,25,4.273645569394988,9
12,26,4.635983177931205,6
12,27,4.087666175941783,4
12,28,4.085302822791608,4
12,29,4.230904324732906,9
12,30,4.070160508694088,4
12,31,3.992805813591346,1
12,32,4.439576186800641,0
12,33,4.589969130825758,6
12,34,4.417680462479732,0
12,35,4.48525037738042,0
12,36,5.0782926253102865,8
12,37,5.05764929905597,8
12,38,4.230819707489801,9
12,39,4.509050385638232,0
12,40,4.114749486810805,4
12,41,4.324674090987731,9
12,42,4.330564529608966,9
12,43,4.316094463992779,9
12,44,4.0499183683012685,4
12,45,3.680591445570565,7
12,46,4.316666346922679,9
12,47,4.748687310742284,2
13,0,4.0415519327247456,4
13,1,5.088719930940189,8
13,2,5.033609987729946,8
13,3,5.212585655437247,3
13,4,4.793644436372417,2
13,5,4.374443671488551,0
13,6,4.751867242052719,2
13,7,5.2265073084163625,3
13,8,4.988910309507792,8
13,9,4.061045928817445,4
13,10,5.009829702551702,8
13,11,4.847486558316756,2
13,12,3.9584350048230657,1
13,14,4.6687781213975965,6
13,15,4.710826333316736,2
13,16,3.961859655696137,1
13,17,4.583431209509897,6
13,18,4.467574148662316,0
13,19,3.6007150736910534,7
13,20,4.2214261565889215,9
13,21,4.275977673644961,9
13,22,4.908305577742602,8
13,23,4.513094501254336,0
13,24,4.527952326467734,6
13,25,4.56993946304546,6
13,26,5.6848169266915765,3
13,27,4.273464505038652,9
13,28,3.3321942167218355,5
13,29,4.912713394440161,8
13,30,4.63886893527053,6
13,31,3.5016279509485364,7
13,32,4.065223398476369,4
13,33,3.8927852905488236,1
13,34,4.637826434114307,6
13,35,4.415352588703231,0
13,36,4.840953689379583,2
13,37,5.046220436411988,8
13,38,4.473036036561132,0
13,39,5.1369187894579715,8
13,40,4.6240798056150565,6
13,41,4.425149817095932,0
13,42,4.7539370944545585,2
13,43,4.4393203921832445,0
13,44,3.4279853371380047,7
13,45,3.9005942535409055,1
13,46,4.481278797406107,0
13,47,4.911216378161298,8
14,0,3.9029574320121654,1
14,1,5.312895469123396,3
14,2,4.742972548465084,2
14,3,4.064889802040727,4
14,4,5.112392160916044,8
14,5,4.434848841105762,0
14,6,4.846132111954736,2
14,7,4.369493106560286,0
14,8,4.3806070668315735,0
14,9,4.114879285091057,4
14,10,3.4339727550711707,7
14,11,5.011923171140925,8
14,12,4.734959213130252,2
14,13,4.6687781213975965,6
14,15,4.532429576618486,6
14,16,3.8754280932792633,1
14,17,4.694660463350344,2
14,18,3.8912193528425303,1
14,19,3.694272095862005,7
14,20,4.206049552260319,9
14,21,3.95614018659236,1
14,22,4.367845740239864,0
14,23,4.883812591448756,2
14,24,4.3281601235538725,9
14,25,4.436071447337302,0
14,26,5.119056714994634,8
14,27,4.573320866013813,6
14,28,4.199063889840933,9
14,29,5.001581851617479,8
14,30,4.938356485906684,8
14,31,4.347120636617529,9
14,32,3.63978091154196,7
14,33,4.48565635154963,0
14,34,4.563951340624809,6
14,35,4.575513054724589,6
14,36,3.993734538833116,1
14,37,3.8214486177460487,1
14,38,4.139985948847162,4
14,39,4.639628627624622,6
14,40,4.0638590591767585,4
14,41,4.446986465752497,0
14,42,3.9536233711666364,1
14,43,4.071412409299286,4
14,44,4.453524167975999,0
14,45,4.054837265016499,4
14,46,4.791660113709283,2
14,47,4.552444193919964,6
15,0,4.588236318925444,6
15,1,4.699641582432101,2
15,2,4.692670366510712,6
15,3,4.511206986979662,0
15,4,4.4169564568287445,0
15,5,5.037854836794028,8
15,6,4.9279419595698615,8
15,7,3.1856778867735613,5
15,8,4.242329026789766,9
15,9,5.0810766423634,8
15,10,3.8570783658152057,1
15,11,4.617552146945205,6
15,12,4.316329801749578,9
15,13,4.710826333316733,2
15,14,4.532429576618486,6
15,16,4.199585037725531,9
15,17,4.438662955760746,0
15,18,4.495992589572748,0
15,19,4.986796210067394,8
15,20,4.453838269216032,0
15,21,4.366970744390358,0
15,22,4.797568289333362,2
15,23,3.8204884623918396,1
15,24,4.246293610678491,9
15,25,4.249796770283025,9
15,26,4.357728408959857,0
15,27,4.260077736725787,9
15,28,3.9344045294976606,1
15,29,4.4306860540067206,0
15,30,3.859407553970725,1
15,31,4.626962262884131,6
15,32,3.6714326371436536,7
15,33,4.00990554543387,4
15,34,3.762122510173452,7
15,35,4.312721453133393,9
15,36,4.352211971447908,9
15,37,4.096712480336542,4
15,38,4.096310713502474,4
15,39,4.809946111545144,2
15,40,4.495972205978418,0
15,41,3.966256482493234,1
15,42,4.357881953601557,0
15,43,3.636343986301855,7
15,44,4.800225925415089,2
15,45,4.73323002526219,2
15,46,3.873957279567884,1
15,47,4.627601927870899,6
16,0,3.8725374045804246,1
16,1,5.061062307508855,8
16,2,4.832640787102898,2
16,3,4.817164009969041,2
16,4,5.284475873804217,3
16,5,4.818240276863752,2
16,6,4.632553275319639,6
16,7,3.8393891042759085,1
16,8,4.307237012160689,9
16,9,5.0469838843868935,8
16,10,3.9576243900727,1
16,11,5.128570560378427,8
16,12,4.556751857352795,6
16,13,3.9618596556961383,1
16,14,3.8754280932792633,1
16,15,4.199585037725531,9
16,17,4.874058809630912,2
16,18,4.2596256868736235,9
16,19,4.219853432548981,9
16,20,4.159336680104107,4
16,21,3.844186422863956,1
16,22,4.567656742106036,6
16,23,4.59695674318379,6
16,24,4.247407948766217,9
16,25,4.075103165702955,4
16,26,5.3314467237933885,3
16,27,3.684853568413641,7
16,28,3.961907307694084,1
16,29,5.141983877604265,3
16,30,4.990665043076887,8
16,31,3.689881918050176,7
16,32,3.585129597292263,7
16,33,4.0061853934384715,4
16,34,4.326329643949231,9
16,35,4.615949876250705,6
16,36,3.4765569474852045,7
16,37,4.457035648503473,0
16,38,3.9586276329833874,1
16,39,4.174885454065389,4
16,40,3.9824574037615137,1
16,41,4.612227525928736,6
16,42,4.1226544928572935,4
16,43,4.226494697655147,9
16,44,4.6283506308697575,6
16,45,4.215845380205129,9
16,46,4.394459244438332,0
16,47,4.825240130641347,2
17,0,3.9244063070530215,1
17,1,4.064053232930472,4
17,2,4.107822407760861,4
17,3,3.391825602833149,7
17,4,4.415234661985261,0
17,5,4.185631154058013,9
17,6,4.450522771142955,0
17,7,4.51596082376214,0
17,8,4.727374823272238,2
17,9,4.384598098349377,0
17,10,5.291600787443536,3
17,11,3.5223059177250864,7
17,12,4.350626548734218,9
17,13,4.583431209509894,6
17,14,4.694660463350344,2
17,15,4.438662955760745,0
17,16,4.874058809630912,2
17,18,4.578628266011544,6
17,19,4.272486159860015,9
17,20,4.934999777042143,8
17,21,4.482334135278336,0
17,22,4.39021831032879,0
17,23,4.661419696171577,6
17,24,4.3619297173032585,0
17,25,4.625114212669371,6
17,26,4.9539404029697245,8
17,27,4.802522656463764,2
17,28,4.398129589984621,0
17,29,3.926854293795474,1
17,30,4.2335254117403975,9
17,31,4.510815548499157,0
17,32,4.3870609613487614,0
17,33,4.2253854173360725,9
17,34,4.700513645978734,2
17,35,3.864246420883277,1
17,36,5.057871671171714,8
17,37,4.082526519958199,4
17,38,4.475444793408519,0
17,39,5.1987502764576465,3
17,40,4.083336689954199,4
17,41,4.1158445581130865,4
17,42,4.738773779471568,2
17,43,4.555939744561388,6
17,44,4.254872299729356,9
17,45,4.559665530008991,6
17,46,4.340917022850071,9
17,47,4.389769002439533,0
18,0,3.7149971519309055,7
18,1,4.959116913245432,8
18,2,4.6918134858586935,6
18,3,4.660993744286793,6
18,4,4.304092819246641,9
18,5,3.54847610719764,7
18,6,5.349917516976976,3
18,7,4.543593380327384,6
18,8,3.8811626474908887,1
18,9,4.387295009051393,0
18,10,4.015952762600821,4
18,11,4.644806505044887,6
18,12,4.49288867005208,0
18,13,4.467574148662315,0
18,14,3.8912193528425294,1
18,15,4.495992589572749,0
18,16,4.2596256868736235,9
18,17,4.578628266011542,6
18,19,4.284173528216615,9
18,20,4.695731496545942,2
18,21,4.298448141653593,9
18,22,3.556051954595522,7
18,23,4.589692020240687,6
18,24,4.441304756959573,0
18,25,4.071037461120283,4
18,26,5.041456156581937,8
18,27,4.52838685278084,6
18,28,4.060121697697617,4
18,29,4.766125509414749,2
18,30,4.632883076724718,6
18,31,4.35487816037264,9
18,32,4.244420875960641,9
18,33,4.366909685727498,0
18,34,4.2555780764530935,9
18,35,5.024524963199854,8
18,36,4.021277102246436,4
18,37,4.420894797473826,0
18,38,3.2622414757776785,5
18,39,5.2198941374711065,3
18,40,5.0216475225363295,8
18,41,4.2347910764376735,9
18,42,3.1701764278101985,5
18,43,4.538667842143608,6
18,44,4.515533216233878,0
18,45,4.357077935945643,0
18,46,4.205624801678366,9
18,47,3.766405242126696,7
19,0,3.4740997242969494,7
19,1,5.044919618696613,8
19,2,4.3373984390757325,9
19,3,3.928949875099063,1
19,4,4.55202383665185,6
19,5,3.5075706109142923,7
19,6,4.8439130113280395,2
19,7,4.499641625379375,0
19,8,4.838264827980381,2
19,9,3.5198114718408284,7
19,10,4.485285329498879,0
19,11,4.348060739292833,9
19,12,3.825169520001916,1
19,13,3.6007150736910516,7
19,14,3.6942720958620043,7
19,15,4.986796210067394,8
19,16,4.219853432548981,9
19,17,4.272486159860015,9
19,18,4.284173528216615,9
19,20,4.130008669961977,4
19,21,3.9008947685850184,1
19,22,3.6606853811499436,7
19,23,4.492826501710277,0
19,24,3.9040915165746832,1
19,25,4.301741122702767,9
19,26,5.0955439834637515,8
19,27,4.014281065870564,4
19,28,3.596957172641756,7
19,29,4.610753826781044,6
19,30,4.540981091331116,6
19,31,3.461517988498757,7
19,32,4.1730232253358635,4
19,33,4.040582397814045,4
19,34,4.677574793844962,6
19,35,4.407700717063744,0
19,36,4.6047452850290505,6
19,37,4.098486834028346,4
19,38,4.869666938312552,2
19,39,4.307956095061665,9
19,40,4.056262996071308,4
19,41,4.010798092216029,4
19,42,4.3451965132592925,9
19,43,4.050073121045856,4
19,44,4.2721113627119145,9
19,45,3.0346245240561998,5
19,46,4.925366426674794,8
19,47,4.704255755274583,2
20,0,5.008950130352042,8
20,1,4.907283362983415,8
20,2,5.061196510132799,8
20,3,4.197809899368686,9
20,4,4.944679443190598,8
20,5,4.778393925679592,2
20,6,4.748377960920597,2
20,7,4.189478791740578,9
20,8,4.423388912605457,0
20,9,4.741624813373701,2
20,10,4.746490398959772,2
20,11,4.880098389334907,2
20,12,4.059805111857006,4
20,13,4.2214261565889215,9
20,14,4.206049552260319,9
20,15,4.453838269216032,0
20,16,4.159336680104107,4
20,17,4.934999777042143,8
20,18,4.695731496545938,2
20,19,4.1300086699619785,4
20,21,4.3806552982963805,0
20,22,4.770052441795045,2
20,23,4.288161292946118,9
20,24,4.2378136276742335,9
20,25,3.7343598294066247,7
20,26,4.684893974569753,6
20,27,3.7364252973726497,7
20,28,3.9748396405735016,1
20,29,4.960556344536388,8
20,30,4.705571548693559,2
20,31,4.252696105097069,9
20,32,4.059328500964655,4
20,33,4.141961058366708,4
20,34,4.4371822095183635,0
20,35,4.252143400016694,9
20,36,4.320250440177835,9
20,37,4.639127213145594,6
20,38,4.525171041232741,6
20,39,3.7177141920518713,7
20,40,3.5845557147177303,7
20,41,3.602272370782976,7
20,42,4.241800286668103,9
20,43,4.3102539091661605,9
20,44,4.405315748348047,0
20,45,4.027809766329931,4
20,46,4.816397805844273,2
20,47,4.5354333616595115,6
21,0,4.086195210132165,4
21,1,4.4362721590876575,0
21,2,4.230245826793452,9
21,3,4.648904632022352,6
21,4,4.9206231167308525,8
21,5,4.044886902809809,4
21,6,4.548119666385731,6
21,7,4.47727215369272,0
21,8,4.215817081260009,9
21,9,4.417047093739976,0
21,10,3.9805301822332613,1
21,11,4.359470895838623,0
21,12,3.9458247452607145,1
21,13,4.275977673644961,9
21,14,3.9561401865923616,1
21,15,4.366970744390358,0
21,16,3.844186422863957,1
21,17,4.482334135278335,0
21,18,4.298448141653593,9
21,19,3.9008947685850175,1
21,20,4.380655298296379,0
21,22,4.709361613930941,2
21,23,4.123165412739272,4
21,24,2.954453580370122,5
21,25,4.5309056021884695,6
21,26,4.3410030432819555,9
21,27,4.3963689133613455,0
21,28,4.119617721412596,4
21,29,4.405760945234704,0
21,30,5.008092508322644,8
21,31,3.8513446462318366,1
21,32,3.633308219612304,7
21,33,4.10645540427544,4
21,34,4.1317790894221185,4
21,35,4.549094116069806,6
21,36,4.417086434088604,0
21,37,4.58308659007959,6
21,38,4.331237071550002,9
21,39,3.940331208387062,1
21,40,4.183407359949174,9
21,41,4.678770623422273,6
21,42,3.688648460180512,7
21,43,3.9730074650722083,1
21,44,4.823840650319079,2
21,45,4.772286601349576,2
21,46,4.334437602750669,9
21,47,4.936140267416305,8
22,0,3.5586590838397507,7
22,1,4.182442108159171,9
22,2,3.8353463983048512,1
22,3,4.347000513103657,9
22,4,4.566975852993458,6
22,5,3.5760823176668644,7
22,6,4.546746137529664,6
22,7,4.532262168081124,6
22,8,4.2006598082333655,9
22,9,4.06388830060854,4
22,10,4.429588244462472,0
22,11,4.704543053337722,2
22,12,4.4439281007247535,0
22,13,4.908305577742602,8
22,14,4.367845740239864,0
22,15,4.797568289333362,2
22,16,4.567656742106036,6
22,17,4.39021831032879,0
22,18,3.556051954595522,7
22,19,3.6606853811499436,7
22,20,4.770052441795045,2
22,21,4.709361613930941,2
22,23,4.7415223628642895,2
22,24,4.859784838043319,2
22,25,3.848648910802529,1
22,26,4.73911866712322,2
22,27,4.386609584340343,0
22,28,4.328068873271448,9
22,29,4.086619211611908,4
22,30,4.417936651861887,0
22,31,4.044161080439738,4
22,32,4.7865162843051445,2
22,33,4.843006412575188,2
22,34,4.394097072875251,0
22,35,4.609927371751191,6
22,36,4.8117606654666085,2
22,37,3.8332624886067457,1
22,38,4.319956557810628,9
22,39,5.095732094850678,8
22,40,4.971910007907522,8
22,41,4.1203500436971074,4
22,42,4.0457337683188115,4
22,43,4.475014435908241,0
22,44,5.018650261725885,8
22,45,3.7519229135995715,7
22,46,4.4259992804240165,0
22,47,3.9840680956570234,1
23,0,4.459305593859327,0
23,1,5.065759266512262,8
23,2,5.0579547453004015,8
23,3,4.942871195757219,8
23,4,4.4063247611310015,0
23,5,4.612660825340137,6
23,6,4.9507239232510285,8
23,7,4.340452096007098,9
23,8,4.722741672840919,2
23,9,4.868397507309696,2
23,10,3.7205477152145376,7
23,11,4.563115466672106,6
23,12,4.268993368526123,9
23,13,4.513094501254338,0
23,14,4.8838125914487565,2
23,15,3.8204884623918396,1
23,16,4.59695674318379,6
23,17,4.661419696171577,6
23,18,4.589692020240687,6
23,19,4.492826501710277,0
23,20,4.288161292946119,9
23,21,4.123165412739272,4
23,22,4.741522362864288,2
23,24,3.9323253016599655,1
23,25,4.908772542736448,8
23,26,4.853449594564512,2
23,27,4.690017006620939,6
23,28,3.6620261158533327,7
23,29,5.1978497666217205,3
23,30,4.324625779510819,9
23,31,4.563093484488915,6
23,32,4.491233770256819,0
23,33,4.499171268176863,0
23,34,4.209559674022137,9
23,35,4.862420541043469,2
23,36,4.915517605899946,8
23,37,5.048129680338227,8
23,38,4.4539961431164405,0
23,39,4.055579419033465,4
23,40,4.8912010052071215,8
23,41,4.164828656034384,4
23,42,3.8173143553369338,1
23,43,4.041910351514837,4
23,44,4.2708022255561495,9
23,45,4.135347641364539,4
23,46,4.422809950138743,0
23,47,4.088822063797353,4
24,0,4.169266060533465,4
24,1,5.158870890266488,3
24,2,4.660012209515869,6
24,3,4.3970747452399515,0
24,4,4.817898692423711,2
24,5,4.235691739948567,9
24,6,5.296693061115981,3
24,7,4.7336717765691345,2
24,8,4.342821916275836,9
24,9,4.063615649500105,4
24,10,4.653742060248012,6
24,11,4.512288282841111,0
24,12,3.8940765679586526,1
24,13,4.527952326467734,6
24,14,4.328160123553873,9
24,15,4.246293610678491,9
24,16,4.247407948766217,9
24,17,4.3619297173032585,0
24,18,4.441304756959573,0
24,19,3.904091516574685,1
24,20,4.2378136276742335,9
24,21,2.9544535803701235,5
24,22,4.85978483804332,2
24,23,3.9323253016599655,1
24,25,4.83015183194717,2
24,26,4.3912802626029155,0
24,27,4.183037051587344,9
24,28,4.085391836098023,4
24,29,4.531832834903371,6
24,30,5.257124194236173,3
24,31,4.065289177253433,4
24,32,4.044971497695956,4
24,33,4.450109284549684,0
24,34,4.146204572199329,4
24,35,4.858344397537195,2
24,36,4.494784297739705,0
24,37,4.69783461622744,2
24,38,4.757486345552142,2
24,39,4.198344274732225,9
24,40,4.312691878597216,9
24,41,4.079296696009099,4
24,42,3.7513605725528136,7
24,43,3.9169606262878536,1
24,44,4.6217851923004565,6
24,45,4.550656441223572,6
24,46,4.3698610162447595,0
24,47,5.08326048485486,8
25,0,4.191790946355402,9
25,1,4.667066838936889,6
25,2,4.648901453571751,6
25,3,4.082822959530473,4
25,4,4.9922631511743285,8
25,5,4.436799200242129,0
25,6,4.340023242634289,9
25,7,4.255799403191445,9
25,8,4.538118844374537,6
25,9,4.708537657640222,2
25,10,4.656322818049143,6
25,11,4.531268193708918,6
25,12,4.273645569394988,9
25,13,4.56993946304546,6
25,14,4.436071447337302,0
25,15,4.249796770283025,9
25,16,4.075103165702955,4
25,17,4.625114212669368,6
25,18,4.071037461120284,4
25,19,4.301741122702769,9
25,20,3.734359829406626,7
25,21,4.530905602188469,6
25,22,3.848648910802529,1
25,23,4.9087725427364495,8
25,24,4.83015183194717,2
25,26,3.985395003845708,1
25,27,3.7751766796227058,1
25,28,4.277726446693388,9
25,29,4.149214756213489,4
25,30,4.716460913936956,2
25,31,4.178815971470853,4
25,32,4.521188625288182,0
25,33,4.683699564850004,6
25,34,3.6933952357305695,7
25,35,4.486671050267833,0
25,36,4.258546661404043,9
25,37,4.082756593626648,4
25,38,4.212635314125722,9
25,39,4.663162697557922,6
25,40,4.180143183291568,4
25,41,4.422292638585071,0
25,42,4.220248951228918,9
25,43,4.394444718524258,0
25,44,5.078851208015356,8
25,45,3.8354998251338497,1
25,46,5.043642513347836,8
25,47,4.202894077738399,9
26,0,4.8997454996015,8
26,1,4.719891585504589,2
26,2,4.4844942830531656,0
26,3,4.750253375565273,2
26,4,5.426582614207727,3
26,5,4.955366777924604,8
26,6,4.938479522720355,8
26,7,4.133560062135674,4
26,8,4.9792466086331215,8
26,9,4.265377938111473,9
26,10,4.486794962989412,0
26,11,4.17526407895011,4
26,12,4.635983177931205,6
26,13,5.684816926691577,3
26,14,5.119056714994634,8
26,15,4.357728408959857,0
26,16,5.3314467237933885,3
26,17,4.9539404029697245,8
26,18,5.041456156581939,8
26,19,5.095543983463753,8
26,20,4.684893974569754,6
26,21,4.341003043281956,9
26,22,4.73911866712322,2
26,23,4.853449594564512,2
26,24,4.3912802626029155,0
26,25,3.9853950038457073,1
26,27,4.428954406780359,0
26,28,5.0864370759046205,8
26,29,3.437188036578472,7
26,30,4.042984082639424,4
26,31,5.0433826759241365,8
26,32,5.302650727873699,3
26,33,5.693752165523166,3
26,34,4.319298532184821,9
26,35,4.623602488074211,6
26,36,4.7142743256470725,2
26,37,3.9356448033131453,1
26,38,5.199763201111705,3
26,39,4.981461124262812,8
26,40,4.901661761044423,8
26,41,5.123856737822452,8
26,42,4.757841700737551,2
26,43,4.899461398128978,8
26,44,5.468415447575928,3
26,45,4.949462681647082,8
26,46,4.7526514259919805,2
26,47,4.084142071501931,4
27,0,3.878825204080105,1
27,1,5.272050670045752,3
27,2,4.771094240211338,2
27,3,4.255015930024842,9
27,4,4.994193546219228,8
27,5,4.667024700329907,6
27,6,4.993613079201785,8
27,7,3.8843916394358735,1
27,8,4.6352504416676865,6
27,9,4.3673668460481085,0
27,10,4.738834236161095,2
27,11,4.945859999531867,8
27,12,4.087666175941783,4
27,13,4.2734645050386515,9
27,14,4.5733208660138125,6
27,15,4.260077736725788,9
27,16,3.684853568413641,7
27,17,4.802522656463767,2
27,18,4.52838685278084,6
27,19,4.014281065870564,4
27,20,3.7364252973726497,7
27,21,4.396368913361346,0
27,22,4.386609584340343,0
27,23,4.690017006620937,6
27,24,4.183037051587344,9
27,25,3.775176679622706,1
27,26,4.428954406780356,0
27,28,4.345834796449489,9
27,29,3.9936255375785032,1
27,30,4.778277851479683,2
27,31,3.820148908559572,1
27,32,4.1990776358903625,9
27,33,4.716690694890782,2
27,34,4.262436355691672,9
27,35,4.552283306710686,6
27,36,3.816065506750417,1
27,37,4.50424226815245,0
27,38,4.385081269199263,0
27,39,4.3282871989919665,9
27,40,3.942235761616273,1
27,41,4.412633339917981,0
27,42,3.72357196887008,7
27,43,3.968372576237254,1
27,44,4.535476547912252,6
27,45,4.102811339034767,4
27,46,4.129527866663087,4
27,47,4.776974952431176,2
28,0,4.09083647319624,4
28,1,5.076157389471528,8
28,2,4.850056641250101,2
28,3,4.433973007828434,0
28,4,4.732356342891841,2
28,5,4.451821214227103,0
28,6,4.544225236502402,6
28,7,4.429714070550248,0
28,8,4.267822207869404,9
28,9,3.916778219432244,1
28,10,4.068375415347524,4
28,11,4.7738419101349745,2
28,12,4.085302822791608,4
28,13,3.3321942167218364,5
28,14,4.199063889840934,9
28,15,3.9344045294976593,1
28,16,3.961907307694084,1
28,17,4.398129589984622,0
28,18,4.060121697697617,4
28,19,3.5969571726417566,7
28,20,3.9748396405735007,1
28,21,4.119617721412596,4
28,22,4.328068873271451,9
28,23,3.6620261158533327,7
28,24,4.085391836098023,4
28,25,4.277726446693388,9
28,26,5.086437075904619,8
28,27,4.345834796449487,9
28,29,4.813097211385296,2
28,30,4.6195303832003285,6
28,31,3.9218951467695486,1
28,32,3.885652810240845,1
28,33,3.704316489173949,7
28,34,4.432704731237727,0
28,35,4.215343799511548,9
28,36,4.138254200195503,4
28,37,4.402253469301408,0
28,38,3.934979073908733,1
28,39,4.2631042215936485,9
28,40,4.175968310100484,4
28,41,4.016985392764159,4
28,42,4.151384670591194,4
28,43,4.39995689689576,0
28,44,3.9104896074577273,1
28,45,3.6138948266198905,7
28,46,4.2435976883226285,9
28,47,4.5988092659504645,6
29,0,4.495981626794146,0
29,1,4.084040425754544,4
29,2,3.8062202038910034,1
29,3,4.401795400870765,0
29,4,4.801322576176188,2
29,5,4.269775794984399,9
29,6,4.296685064903453,9
29,7,4.3349145354498635,9
29,8,4.979046607469763,8
29,9,3.72574080272258,7
29,10,4.86075041432143,2
29,11,3.9165080231120655,1
29,12,4.230904324732905,9
29,13,4.912713394440158,8
29,14,5.001581851617479,8
29,15,4.430686054006722,0
29,16,5.141983877604265,3
29,17,3.9268542937954742,1
29,18,4.766125509414749,2
29,19,4.610753826781044,6
29,20,4.960556344536388,8
29,21,4.4057609452347055,0
29,22,4.086619211611906,4
29,23,5.1978497666217205,3
29,24,4.53183283490337,6
29,25,4.149214756213489,4
29,26,3.4371880365784717,7
29,27,3.9936255375785046,1
29,28,4.813097211385298,2
29,30,3.512254370086662,7
29,31,4.909297238815505,8
29,32,4.980405428807818,8
29,33,5.251323485819873,3
29,34,4.415506956889627,0
29,35,4.396893992240656,0
29,36,4.581770754276731,6
29,37,3.977729748746882,1
29,38,4.773138543902892,2
29,39,5.111092177830123,8
29,40,5.009570167202545,8
29,41,4.192676492830716,9
29,42,4.403509147327191,0
29,43,4.687015147828131,6
29,44,4.763594407880016,2
29,45,4.770939650107397,2
29,46,4.600578786103091,6
29,47,4.730494566905231,2
30,0,4.7546163720425145,2
30,1,4.471757773832897,0
30,2,4.334980408738069,9
30,3,4.641140465838465,6
30,4,4.5389868422740935,6
30,5,4.74462500538279,2
30,6,4.620886755809645,6
30,7,3.9223753946038724,1
30,8,5.060961810829007,8
30,9,4.170136802031498,4
30,10,4.310512445699165,9
30,11,3.7789224566836186,1
30,12,4.070160508694088,4
30,13,4.638868935270528,6
30,14,4.9383564859066835,8
30,15,3.859407553970725,1
30,16,4.990665043076887,8
30,17,4.2335254117403975,9
30,18,4.632883076724718,6
30,19,4.5409810913311155,6
30,20,4.705571548693559,2
30,21,5.008092508322644,8
30,22,4.417936651861889,0
30,23,4.324625779510818,9
30,24,5.25712419423617,3
30,25,4.716460913936957,2
30,26,4.042984082639424,4
30,27,4.778277851479683,2
30,28,4.6195303832003285,6
30,29,3.5122543700866635,7
30,31,4.2927614255026345,9
30,32,4.625800474098883,6
30,33,4.5615217423370895,6
30,34,4.287689002552197,9
30,35,4.105752641285456,4
30,36,4.706892830580657,2
30,37,4.536124820528016,6
30,38,4.723975122977548,2
30,39,5.064195885526893,8
30,40,5.160508644266519,3
30,41,3.7940127221677615,1
30,42,5.021577477202109,8
30,43,4.514698156146606,0
30,44,4.725006054151769,2
30,45,4.210882713075489,9
30,46,4.6691210906006155,6
30,47,4.4697537406816465,0
31,0,3.5235260323778124,7
31,1,4.7481350983852115,2
31,2,4.83884095854981,2
31,3,4.501060274014634,0
31,4,4.564853103094612,6
31,5,4.283945484308939,9
31,6,4.82558145066964,2
31,7,4.741756409521499,2
31,8,4.629049685657791,6
31,9,4.124622248737908,4
31,10,4.646368533744268,6
31,11,4.761708518849263,2
31,12,3.9928058135913465,1
31,13,3.501627950948537,7
31,14,4.347120636617529,9
31,15,4.626962262884131,6
31,16,3.689881918050175,7
31,17,4.510815548499156,0
31,18,4.35487816037264,9
31,19,3.461517988498757,7
31,20,4.25269610509707,9
31,21,3.8513446462318375,1
31,22,4.044161080439738,4
31,23,4.563093484488914,6
31,24,4.065289177253436,4
31,25,4.178815971470853,4
31,26,5.043382675924138,8
31,27,3.820148908559572,1
31,28,3.9218951467695486,1
31,29,4.9092972388155065,8
31,30,4.2927614255026345,9
31,32,4.141860085445916,4
31,33,3.911154309075248,1
31,34,4.521536819516773,0
31,35,4.412850493252583,0
31,36,4.735242242976631,2
31,37,4.506141386854664,0
31,38,4.350773674834866,9
31,39,4.812212569225927,2
31,40,4.481941402446519,0
31,41,3.9712483712150948,1
31,42,4.276505255698122,9
31,43,4.346345362787806,9
31,44,4.644224168558922,6
31,45,3.811834275496736,1
31,46,4.2215223805489295,9
31,47,5.239096294140991,3
32,0,4.540588162630285,6
32,1,5.000447822495124,8
32,2,4.554817291965878,6
32,3,4.616193474707448,6
32,4,5.0383068582925565,8
32,5,4.718832547442653,2
32,6,4.1389088898645285,4
32,7,4.314832133812867,9
32,8,4.016387752455292,4
32,9,5.009534132593871,8
32,10,4.04640814381132,4
32,11,4.3480118199956665,9
32,12,4.439576186800641,0
32,13,4.065223398476369,4
32,14,3.63978091154196,7
32,15,3.6714326371436536,7
32,16,3.5851295972922617,7
32,17,4.3870609613487614,0
32,18,4.244420875960641,9
32,19,4.1730232253358635,4
32,20,4.0593285009646545,4
32,21,3.6333082196123017,7
32,22,4.7865162843051445,2
32,23,4.49123377025682,0
32,24,4.044971497695957,4
32,25,4.521188625288182,0
32,26,5.302650727873697,3
32,27,4.199077635890362,9
32,28,3.8856528102408463,1
32,29,4.980405428807818,8
32,30,4.625800474098883,6
32,31,4.141860085445916,4
32,33,2.8688509262477893,5
32,34,4.601938984762279,6
32,35,4.417639522239967,0
32,36,4.207103420332305,9
32,37,4.374622257093396,0
32,38,3.7170490622812764,7
32,39,3.9035117095082095,1
32,40,3.860617779821653,1
32,41,4.494482752748153,0
32,42,4.402110008193281,0
32,43,4.010607278867254,4
32,44,4.185455402564133,9
32,45,4.116049906883694,4
32,46,4.303917706213382,9
32,47,4.851420065752889,2
33,0,4.474766628381373,0
33,1,4.970632202422217,8
33,2,4.682737944373416,6
33,3,4.6434999446336285,6
33,4,4.951289342829631,8
33,5,4.596254710914499,6
33,6,4.5299310303162565,6
33,7,4.4665590098087815,0
33,8,4.090951825384167,4
33,9,4.877495432249161,2
33,10,4.672206139544278,6
33,11,4.527011912341367,6
33,12,4.58996913082576,6
33,13,3.892785290548824,1
33,14,4.485656351549632,0
33,15,4.009905545433871,4
33,16,4.006185393438472,4
33,17,4.2253854173360725,9
33,18,4.366909685727498,0
33,19,4.040582397814045,4
33,20,4.141961058366708,4
33,21,4.106455404275438,4
33,22,4.843006412575188,2
33,23,4.499171268176863,0
33,24,4.450109284549684,0
33,25,4.683699564850005,6
33,26,5.693752165523164,3
33,27,4.716690694890784,2
33,28,3.704316489173949,7
33,29,5.251323485819873,3
33,30,4.5615217423370895,6
33,31,3.911154309075248,1
33,32,2.8688509262477893,5
33,34,5.217449466749006,3
33,35,4.4247441322231955,0
33,36,4.637135135970119,6
33,37,4.925915044326318,8
33,38,3.9338160124125703,1
33,39,4.1353294860184615,4
33,40,4.333611004331783,9
33,41,4.3213609239272115,9
33,42,4.762630955618765,2
33,43,4.167732553726327,4
33,44,4.360503430999106,0
33,45,4.225532057912583,9
33,46,4.667872763851906,6
33,47,5.146386471362497,3
34,0,4.279395588917986,9
34,1,4.912381622003113,8
34,2,4.982423110800696,8
34,3,4.817490832594155,2
34,4,4.682217273384179,6
34,5,4.477533385140644,0
34,6,4.762540020440143,2
34,7,4.4121071732574055,0
34,8,4.178914029526566,4
34,9,4.78748571892521,2
34,10,3.693758998895692,7
34,11,5.198408924124557,3
34,12,4.41768046247973,0
34,13,4.637826434114305,6
34,14,4.563951340624809,6
34,15,3.762122510173453,7
34,16,4.326329643949229,9
34,17,4.700513645978732,2
34,18,4.2555780764530935,9
34,19,4.677574793844962,6
34,20,4.437182209518364,0
34,21,4.1317790894221185,4
34,22,4.394097072875251,0
34,23,4.209559674022137,9
34,24,4.146204572199331,4
34,25,3.693395235730568,7
34,26,4.3192985321848205,9
34,27,4.262436355691674,9
34,28,4.432704731237727,0
34,29,4.415506956889629,0
34,30,4.287689002552198,9
34,31,4.521536819516773,0
34,32,4.601938984762279,6
34,33,5.217449466749007,3
34,35,4.763663519016003,2
34,36,4.4260088656180505,0
34,37,4.442675173826843,0
34,38,4.402698739393987,0
34,39,4.3999119197068985,0
34,40,4.629020832923153,6
34,41,4.705158166662835,2
34,42,4.396853165176286,0
34,43,4.29514920335008,9
34,44,4.55921330086932,6
34,45,4.097572731244097,4
34,46,4.886645033287373,2
34,47,4.660664505235554,6
35,0,4.688963389019774,6
35,1,4.466543769162587,0
35,2,4.483550230896911,0
35,3,3.759620066873078,7
35,4,4.931774425664901,8
35,5,4.8397041735045185,2
35,6,4.140064140105789,4
35,7,4.032130507717784,4
35,8,4.2758345082798215,9
35,9,5.007485985835449,8
35,10,4.5955365190201976,6
35,11,3.7534836469152872,7
35,12,4.485250377380419,0
35,13,4.415352588703233,0
35,14,4.575513054724589,6
35,15,4.312721453133392,9
35,16,4.615949876250705,6
35,17,3.864246420883276,1
35,18,5.024524963199852,8
35,19,4.407700717063743,0
35,20,4.252143400016694,9
35,21,4.5490941160698055,6
35,22,4.609927371751191,6
35,23,4.862420541043469,2
35,24,4.858344397537193,2
35,25,4.486671050267831,0
35,26,4.6236024880742095,6
35,27,4.552283306710686,6
35,28,4.21534379951155,9
35,29,4.3968939922406545,0
35,30,4.105752641285455,4
35,31,4.412850493252585,0
35,32,4.417639522239967,0
35,33,4.424744132223194,0
35,34,4.763663519016002,2
35,36,4.976831789695959,8
35,37,4.489612035570112,0
35,38,4.425812671553077,0
35,39,4.7040523388114766,2
35,40,4.446824323354667,0
35,41,3.9616519232227767,1
35,42,4.761615443693452,2
35,43,4.794972691862811,2
35,44,4.857737675826467,2
35,45,4.413882222560013,0
35,46,4.3373941537970415,9
35,47,4.876888858882388,2
36,0,4.053490798748033,4
36,1,5.307556516348763,3
36,2,4.9371469289956265,8
36,3,4.584360961572943,6
36,4,5.393248801169343,3
36,5,4.832675891519356,2
36,6,4.880835573248793,2
36,7,3.682615206619333,7
36,8,3.8470553034086974,1
36,9,4.4488311099564095,0
36,10,4.063978958765063,4
36,11,4.9324710262858185,8
36,12,5.078292625310289,8
36,13,4.840953689379584,2
36,14,3.993734538833115,1
36,15,4.352211971447908,9
36,16,3.4765569474852036,7
36,17,5.0578716711717115,8
36,18,4.021277102246437,4
36,19,4.6047452850290505,6
36,20,4.320250440177835,9
36,21,4.4170864340886045,0
36,22,4.8117606654666085,2
36,23,4.915517605899946,8
36,24,4.494784297739704,0
36,25,4.258546661404043,9
36,26,4.7142743256470725,2
36,27,3.816065506750417,1
36,28,4.138254200195504,4
36,29,4.581770754276731,6
36,30,4.706892830580658,2
36,31,4.735242242976632,2
36,32,4.207103420332305,9
36,33,4.637135135970119,6
36,34,4.4260088656180505,0
36,35,4.976831789695958,8
36,37,4.6500483592994994,6
36,38,3.982654223163303,1
36,39,4.697460986683861,2
36,40,4.7254701683272975,2
36,41,4.983755905305111,8
36,42,3.7034822999848904,7
36,43,3.975351176866181,1
36,44,4.907563969456498,8
36,45,4.719258452203401,2
36,46,4.1944502877143215,9
36,47,4.7670080286736765,2
37,0,3.6851150911780057,7
37,1,4.256989381202013,9
37,2,4.383344540932358,0
37,3,3.8490347714814415,1
37,4,4.695797240972944,2
37,5,4.354141407649636,9
37,6,4.386816991621998,0
37,7,3.9430137719188814,1
37,8,4.240391987634261,9
37,9,4.315088397455421,9
37,10,4.709999436765901,2
37,11,4.545955024773416,6
37,12,5.05764929905597,8
37,13,5.046220436411988,8
37,14,3.8214486177460487,1
37,15,4.096712480336542,4
37,16,4.457035648503473,0
37,17,4.082526519958201,4
37,18,4.420894797473827,0
37,19,4.098486834028348,4
37,20,4.639127213145593,6
37,21,4.58308659007959,6
37,22,3.8332624886067457,1
37,23,5.048129680338227,8
37,24,4.697834616227438,2
37,25,4.082756593626648,4
37,26,3.9356448033131457,1
37,27,4.50424226815245,0
37,28,4.402253469301409,0
37,29,3.9777297487468832,1
37,30,4.536124820528019,6
37,31,4.5061413868546625,0
37,32,4.374622257093396,0
37,33,4.925915044326318,8
37,34,4.442675173826843,0
37,35,4.489612035570112,0
37,36,4.6500483592994994,6
37,38,4.6079797655826225,6
37,39,4.88309622157065,2
37,40,3.884291617980161,1
37,41,4.703849378902225,2
37,42,4.342369902385484,9
37,43,4.439551248558686,0
37,44,4.7504114516975084,2
37,45,4.2821172410224015,9
37,46,4.8567213707153085,2
37,47,3.937554675409858,1
38,0,3.87594730269828,1
38,1,4.804775966692549,2
38,2,4.645596417274994,6
38,3,4.912843226182202,8
38,4,4.3069353982204674,9
38,5,4.437763146173879,0
38,6,4.965210439020467,8
38,7,4.276577359500067,9
38,8,3.558472891350553,7
38,9,4.3933560124930064,0
38,10,3.706790887551722,7
38,11,4.804647277351059,2
38,12,4.230819707489803,9
38,13,4.473036036561132,0
38,14,4.139985948847164,4
38,15,4.096310713502474,4
38,16,3.9586276329833883,1
38,17,4.475444793408517,0
38,18,3.2622414757776785,5
38,19,4.86966693831255,2
38,20,4.52517104123274,6
38,21,4.331237071550003,9
38,22,4.319956557810629,9
38,23,4.453996143116441,0
38,24,4.757486345552142,2
38,25,4.212635314125722,9
38,26,5.199763201111705,3
38,27,4.385081269199263,0
38,28,3.9349790739087336,1
38,29,4.773138543902894,2
38,30,4.7239751229775475,2
38,31,4.3507736748348655,9
38,32,3.717049062281277,7
38,33,3.933816012412571,1
38,34,4.402698739393988,0
38,35,4.425812671553077,0
38,36,3.982654223163303,1
38,37,4.6079797655826225,6
38,39,4.808312494563053,2
38,40,4.633381262023722,6
38,41,4.48361761545705,0
38,42,3.537677368346817,7
38,43,4.5971176083048535,6
38,44,4.7996605366250185,2
38,45,4.360908122265008,0
38,46,4.325733371134066,9
38,47,4.645951415580376,6
39,0,4.773438912174554,2
39,1,5.052545105537769,8
39,2,5.2778165548096325,3
39,3,4.693110909121816,6
39,4,5.351607823488521,3
39,5,4.65748403937886,6
39,6,4.565134962748171,6
39,7,4.333923699209802,9
39,8,4.463564710609323,0
39,9,5.388953179736293,3
39,10,4.507741172004456,0
39,11,5.053024123150212,8
39,12,4.50905038563823,0
39,13,5.1369187894579715,8
39,14,4.639628627624622,6
39,15,4.809946111545144,2
39,16,4.174885454065389,4
39,17,5.198750276457647,3
39,18,5.2198941374711065,3
39,19,4.307956095061662,9
39,20,3.717714192051871,7
39,21,3.940331208387062,1
39,22,5.095732094850678,8
39,23,4.055579419033464,4
39,24,4.198344274732225,9
39,25,4.663162697557922,6
39,26,4.981461124262814,8
39,27,4.328287198991968,9
39,28,4.263104221593647,9
39,29,5.111092177830124,8
39,30,5.0641958855268925,8
39,31,4.812212569225927,2
39,32,3.9035117095082086,1
39,33,4.1353294860184615,4
39,34,4.3999119197068985,0
39,35,4.7040523388114766,2
39,36,4.69746098668386,2
39,37,4.883096221570652,2
39,38,4.808312494563052,2
39,40,3.4949368374268936,7
39,41,4.938900851941568,8
39,42,4.5573802770796465,6
39,43,4.324334018830959,9
39,44,4.998099762437227,8
39,45,4.827951478444193,2
39,46,4.976995871796016,8
39,47,4.860361530791106,2
40,0,4.50183583525094,0
40,1,4.901618863844922,8
40,2,5.028910840665723,8
40,3,3.68773736759224,7
40,4,5.141881984565237,3
40,5,4.991866515125887,8
40,6,4.382633460100534,0
40,7,4.1288215806943,4
40,8,3.8292274051671464,1
40,9,4.899518490560254,8
40,10,4.668208249140804,6
40,11,4.269017795096308,9
40,12,4.1147494868108065,4
40,13,4.624079805615058,6
40,14,4.0638590591767585,4
40,15,4.495972205978419,0
40,16,3.9824574037615132,1
40,17,4.083336689954199,4
40,18,5.02164752253633,8
40,19,4.056262996071308,4
40,20,3.5845557147177316,7
40,21,4.183407359949174,9
40,22,4.971910007907522,8
40,23,4.8912010052071215,8
40,24,4.312691878597215,9
40,25,4.180143183291567,4
40,26,4.901661761044422,8
40,27,3.942235761616273,1
40,28,4.175968310100484,4
40,29,5.009570167202546,8
40,30,5.160508644266519,3
40,31,4.48194140244652,0
40,32,3.8606177798216517,1
40,33,4.3336110043317815,9
40,34,4.629020832923153,6
40,35,4.446824323354667,0
40,36,4.7254701683272975,2
40,37,3.8842916179801614,1
40,38,4.633381262023722,6
40,39,3.4949368374268945,7
40,41,4.601978305607335,6
40,42,4.569290456191257,6
40,43,4.362298407298255,0
40,44,4.855057859615684,2
40,45,4.424712854350648,0
40,46,4.913375505329116,8
40,47,4.701422982582237,2
41,0,4.660225998587717,6
41,1,4.404763277709106,0
41,2,4.154051298747707,4
41,3,3.714730756274697,7
41,4,4.023744376035754,4
41,5,4.390585987683477,0
41,6,4.7939706752877065,2
41,7,4.051996360879727,4
41,8,4.8333787150040495,2
41,9,4.544193793309543,6
41,10,4.746162185363835,2
41,11,4.240388552328297,9
41,12,4.324674090987731,9
41,13,4.425149817095932,0
41,14,4.446986465752499,0
41,15,3.966256482493234,1
41,16,4.612227525928736,6
41,17,4.115844558113088,4
41,18,4.2347910764376735,9
41,19,4.010798092216029,4
41,20,3.602272370782976,7
41,21,4.678770623422273,6
41,22,4.1203500436971074,4
41,23,4.164828656034382,4
41,24,4.079296696009099,4
41,25,4.422292638585069,0
41,26,5.12385673782245,8
41,27,4.412633339917981,0
41,28,4.016985392764158,4
41,29,4.192676492830716,9
41,30,3.7940127221677606,1
41,31,3.971248371215095,1
41,32,4.494482752748153,0
41,33,4.3213609239272115,9
41,34,4.705158166662835,2
41,35,3.9616519232227767,1
41,36,4.9837559053051095,8
41,37,4.703849378902223,2
41,38,4.4836176154570495,0
41,39,4.93890085194157,8
41,40,4.601978305607334,6
41,42,4.444199070256722,0
41,43,4.579125147947802,6
41,44,4.6727216639611235,6
41,45,4.2208859579032385,9
41,46,4.636153788853745,6
41,47,4.462689312561687,0
42,0,3.6464523248567713,7
42,1,5.020888516103757,8
42,2,4.970747255178146,8
42,3,4.810116979871809,2
42,4,4.254376453117098,9
42,5,3.7455842459413797,7
42,6,5.056320651923758,8
42,7,4.67819161139636,6
42,8,4.108090919542855,4
42,9,4.036251695819639,4
42,10,3.948398122318336,1
42,11,4.825684590746179,2
42,12,4.330564529608966,9
42,13,4.753937094454559,2
42,14,3.953623371166636,1
42,15,4.357881953601557,0
42,16,4.122654492857292,4
42,17,4.738773779471568,2
42,18,3.170176427810198,5
42,19,4.345196513259291,9
42,20,4.241800286668103,9
42,21,3.688648460180511,7
42,22,4.0457337683188115,4
42,23,3.8173143553369338,1
42,24,3.751360572552814,7
42,25,4.220248951228918,9
42,26,4.757841700737551,2
42,27,3.723571968870078,7
42,28,4.151384670591194,4
42,29,4.403509147327191,0
42,30,5.021577477202109,8
42,31,4.27650525569812,9
42,32,4.402110008193281,0
42,33,4.762630955618767,2
42,34,4.396853165176286,0
42,35,4.7616154436934535,2
42,36,3.7034822999848895,7
42,37,4.342369902385484,9
42,38,3.537677368346817,7
42,39,4.557380277079648,6
42,40,4.569290456191257,6
42,41,4.444199070256722,0
42,43,4.2281083268046205,9
42,44,4.474521612929978,0
42,45,4.246035902239662,9
42,46,4.255246402435837,9
42,47,4.131902292033907,4
43,0,4.5570282680758405,6
43,1,5.179846864624475,3
43,2,4.972851884641333,8
43,3,4.8498767260112245,2
43,4,5.072985089417348,8
43,5,4.075567389312291,4
43,6,4.2285767476188125,9
43,7,3.7629217123173713,7
43,8,3.741929807723568,7
43,9,4.07784553116618,4
43,10,4.489597505186771,0
43,11,4.547405807781212,6
43,12,4.316094463992778,9
43,13,4.4393203921832445,0
43,14,4.071412409299286,4
43,15,3.636343986301855,7
43,16,4.226494697655147,9
43,17,4.555939744561392,6
43,18,4.538667842143608,6
43,19,4.050073121045858,4
43,20,4.3102539091661605,9
43,21,3.9730074650722083,1
43,22,4.475014435908243,0
43,23,4.041910351514837,4
43,24,3.9169606262878536,1
43,25,4.394444718524257,0
43,26,4.8994613981289765,8
43,27,3.968372576237254,1
43,28,4.399956896895758,0
43,29,4.687015147828131,6
43,30,4.514698156146606,0
43,31,4.346345362787806,9
43,32,4.010607278867254,4
43,33,4.167732553726327,4
43,34,4.295149203350078,9
43,35,4.794972691862809,2
43,36,3.9753511768661807,1
43,37,4.4395512485586845,0
43,38,4.597117608304855,6
43,39,4.324334018830959,9
43,40,4.362298407298254,0
43,41,4.579125147947803,6
43,42,4.228108326804619,9
43,44,4.484589738773882,0
43,45,4.482785884656372,0
43,46,4.5538460743857705,6
43,47,4.320320166621445,9
44,0,4.154484518299023,4
44,1,5.147834322840387,3
44,2,4.794035410013703,2
44,3,5.1757376375083,3
44,4,5.25696652141323,3
44,5,3.9723133384100984,1
44,6,4.797091998906128,2
44,7,5.231302965839447,3
44,8,5.381753143358947,3
44,9,4.332238125461286,9
44,10,4.810337533479734,2
44,11,4.617158463525332,6
44,12,4.0499183683012685,4
44,13,3.4279853371380047,7
44,14,4.453524167975997,0
44,15,4.800225925415089,2
44,16,4.6283506308697575,6
44,17,4.254872299729355,9
44,18,4.51553321623388,0
44,19,4.2721113627119145,9
44,20,4.405315748348047,0
44,21,4.82384065031908,2
44,22,5.0186502617258855,8
44,23,4.2708022255561495,9
44,24,4.621785192300455,6
44,25,5.078851208015358,8
44,26,5.4684154475759295,3
44,27,4.5354765479122525,6
44,28,3.910489607457726,1
44,29,4.763594407880016,2
44,30,4.725006054151769,2
44,31,4.644224168558923,6
44,32,4.185455402564134,9
44,33,4.360503430999105,0
44,34,4.5592133008693185,6
44,35,4.857737675826467,2
44,36,4.9075639694565,8
44,37,4.75041145169751,2
44,38,4.7996605366250185,2
44,39,4.998099762437227,8
44,40,4.855057859615684,2
44,41,4.672721663961124,6
44,42,4.474521612929981,0
44,43,4.484589738773883,0
44,45,3.6552547213325286,7
44,46,3.940346075375901,1
44,47,4.114555310062117,4
45,0,3.966566920157792,1
45,1,4.551496191074757,6
45,2,4.204152113254765,9
45,3,4.562429483942554,6
45,4,4.650665621742012,6
45,5,3.9400868498566113,1
45,6,3.786919873775572,1
45,7,4.8193031383225655,2
45,8,5.026257490058741,8
45,9,3.9677135914241193,1
45,10,3.869093959603534,1
45,11,4.267892042558404,9
45,12,3.6805914455705655,7
45,13,3.9005942535409055,1
45,14,4.054837265016499,4
45,15,4.7332300252621895,2
45,16,4.215845380205129,9
45,17,4.5596655300089886,6
45,18,4.357077935945644,0
45,19,3.0346245240561984,5
45,20,4.027809766329932,4
45,21,4.772286601349576,2
45,22,3.751922913599573,7
45,23,4.135347641364539,4
45,24,4.550656441223572,6
45,25,3.83549982513385,1
45,26,4.949462681647084,8
45,27,4.102811339034766,4
45,28,3.6138948266198914,7
45,29,4.770939650107397,2
45,30,4.210882713075488,9
45,31,3.8118342754967363,1
45,32,4.116049906883695,4
45,33,4.225532057912583,9
45,34,4.097572731244098,4
45,35,4.413882222560015,0
45,36,4.719258452203403,2
45,37,4.282117241022399,9
45,38,4.360908122265006,0
45,39,4.827951478444193,2
45,40,4.424712854350648,0
45,41,4.220885957903239,9
45,42,4.246035902239662,9
45,43,4.482785884656372,0
45,44,3.6552547213325286,7
45,46,4.698918607867184,2
45,47,4.3936904708585445,0
46,0,4.185639288517245,9
46,1,4.2315615650921705,9
46,2,4.624049719102313,6
46,3,5.094091860715128,8
46,4,5.188596589975546,3
46,5,4.4519718235511005,0
46,6,4.631983512993927,6
46,7,4.361506115846781,0
46,8,4.512579651694608,0
46,9,4.403589445037358,0
46,10,4.742642458489934,2
46,11,4.222953814872338,9
46,12,4.316666346922677,9
46,13,4.481278797406105,0
46,14,4.791660113709283,2
46,15,3.8739572795678847,1
46,16,4.394459244438332,0
46,17,4.340917022850071,9
46,18,4.205624801678363,9
46,19,4.925366426674794,8
46,20,4.816397805844273,2
46,21,4.334437602750672,9
46,22,4.4259992804240165,0
46,23,4.422809950138744,0
46,24,4.3698610162447595,0
46,25,5.043642513347836,8
46,26,4.752651425991979,2
46,27,4.129527866663087,4
46,28,4.2435976883226285,9
46,29,4.600578786103092,6
46,30,4.669121090600614,6
46,31,4.22152238054893,9
46,32,4.30391770621338,9
46,33,4.667872763851906,6
46,34,4.886645033287373,2
46,35,4.3373941537970415,9
46,36,4.1944502877143215,9
46,37,4.8567213707153085,2
46,38,4.325733371134067,9
46,39,4.976995871796018,8
46,40,4.913375505329116,8
46,41,4.636153788853744,6
46,42,4.255246402435837,9
46,43,4.5538460743857705,6
46,44,3.940346075375901,1
46,45,4.698918607867184,2
46,47,4.2729993657001115,9
47,0,4.511279854930106,0
47,1,4.079275744902547,4
47,2,4.267333740346494,9
47,3,4.845940769717384,2
47,4,4.619880134412074,6
47,5,3.968276981337032,1
47,6,4.504157821275138,0
47,7,4.105612974291754,4
47,8,4.40959614110062,0
47,9,5.096040420744881,8
47,10,4.263755025722531,9
47,11,4.515211491238442,0
47,12,4.748687310742284,2
47,13,4.911216378161298,8
47,14,4.552444193919964,6
47,15,4.627601927870899,6
47,16,4.825240130641347,2
47,17,4.3897690024395315,0
47,18,3.7664052421266967,7
47,19,4.704255755274583,2
47,20,4.535433361659512,6
47,21,4.936140267416307,8
47,22,3.9840680956570216,1
47,23,4.088822063797351,4
47,24,5.08326048485486,8
47,25,4.202894077738399,9
47,26,4.084142071501933,4
47,27,4.776974952431175,2
47,28,4.5988092659504645,6
47,29,4.7304945669052305,2
47,30,4.469753740681647,0
47,31,5.239096294140991,3
47,32,4.8514200657528885,2
47,33,5.146386471362497,3
47,34,4.660664505235554,6
47,35,4.876888858882387,2
47,36,4.767008028673676,2
47,37,3.9375546754098583,1
47,38,4.6459514155803765,6
47,39,4.860361530791109,2
47,40,4.701422982582239,2
47,41,4.462689312561687,0
47,42,4.131902292033906,4
47,43,4.320320166621447,9
47,44,4.114555310062117,4
47,45,4.393690470858543,0
47,46,4.272999365700112,9
